value,state,zcta,lat,lon,pov,zcta_pop,CMAQ
9.597647059,Alabama,36532,30.498001,-87.881412,6.1,27829,8.098836034
10.8,Alabama,36251,33.281261,-85.802182,19.5,5103,9.76620814
11.21217391,Alabama,35660,34.758781,-87.650562,19,9042,9.402678817
11.65909091,Alabama,35962,34.287627,-85.968298,13.8,8300,8.534772474
12.37539432,Alabama,35901,33.993749,-85.991072,8.8,20045,9.241743625
10.50884956,Alabama,36303,31.226359,-85.390768,15.6,30217,9.121892443
15.59101655,Alabama,35207,33.553056,-86.815,25.5,9010,10.23561168
12.39935484,Alabama,35111,33.331111,-87.003611,7.3,16140,10.23561168
11.1037037,Alabama,35444,33.459722,-87.305556,8.1,3699,8.161788618
13.11454545,Alabama,35094,33.545278,-86.549167,10.5,14212,9.303765525
14.5502381,Alabama,35064,33.499722,-86.924167,18.1,11458,10.23561168
12.228125,Alabama,35244,33.386389,-86.816667,2.1,32390,10.23561168
11.95194805,Alabama,35126,33.704722,-86.669167,5.1,21725,9.303765525
11.775,Alabama,35180,33.801667,-86.9425,13.3,13794,8.816101285
12.23294118,Alabama,35802,34.68767,-86.58637,5.2,21297,9.343610807
10.03211009,Alabama,36611,30.769941,-88.087526,23.2,6106,8.654895078
9.565934066,Alabama,36582,30.474674,-88.14114,18.4,24624,9.495926357
11.99786667,Alabama,36110,32.425833,-86.285278,23,12997,10.21943258
11.37372881,Alabama,35603,34.518735,-86.976939,8.3,30545,8.821747755
13.16314554,Alabama,31901,32.4722,-85.0051,37.7,8638,9.774143543
11.56271186,Alabama,35124,33.312927,-86.821104,2.7,23020,10.23561168
12.1953271,Alabama,35044,33.279747,-86.349438,18.8,7713,10.25765171
11.42058824,Alabama,35404,33.18935,-87.484217,15.5,21251,8.52887043
11.70583333,Alabama,35501,33.832778,-87.2725,19.3,10424,8.140101397
3.023809524,Arizona,86540,35.881974,-109.434003,44.8,1088,4.523397768
6.911111111,Arizona,85626,31.3492,-109.539683,15.6,1021,5.266898447
5.928813559,Arizona,86011,35.206111,-111.652777,64.3,6362,5.10844222
10.49261745,Arizona,85019,33.48385,-112.14257,29.5,25042,12.21353043
8.446086957,Arizona,85202,33.41045,-111.86507,13.4,37275,14.09545857
10.88362069,Arizona,85041,33.40316,-112.07533,21.4,54947,11.4769073
7.190909091,Arizona,85256,33.488242,-111.855654,19.4,4974,14.09545857
8.846086957,Arizona,85015,33.503833,-112.095767,33.6,37644,12.21353043
5.528205128,Arizona,86411,35.540017,-113.410782,35.9,224,5.798752865
5.700862069,Arizona,85741,32.322661,-111.038389,7.6,32998,9.110332942
5.363559322,Arizona,85704,32.29515,-110.9823,26.4,30929,9.50234623
10.57213115,Arizona,85122,32.877583,-111.752222,14.2,50942,11.51284082
7.465178571,Arizona,85119,33.421194,-111.503222,7.1,21219,11.3055527
19.45789474,Arizona,85138,33.01053,-111.97205,3.3,33633,11.51284082
14.11382114,Arizona,85621,31.337204,-110.936718,28.6,23054,6.093248214
5.827586207,Arizona,86314,34.595,-112.331,13.9,34401,6.71369956
9.928333333,Arizona,85364,32.677001,-114.648905,18.8,74904,23.13149069
11.24970414,Arkansas,72160,34.518515,-91.55896,15.3,10736,10.74727538
10.74453782,Arkansas,71635,33.136862,-91.950377,13.1,12348,9.531806922
11.7147541,Arkansas,72364,35.197288,-90.193141,9.9,15831,11.29919079
11.64506173,Arkansas,72035,35.105193,-92.427859,20.025,1083,9.001802236
11.15309735,Arkansas,71901,34.469441,-93.000178,16.6,29491,8.157881919
11.18688525,Arkansas,72112,35.637292,-91.188914,23.4,11467,13.11163427
11.05897436,Arkansas,72342,34.529766,-90.586049,32.9,5532,10.49119401
10.52773109,Arkansas,71953,34.583699,-94.226234,13.1,14882,7.925081246
11.25932203,Arkansas,72801,35.259775,-93.10005,23.6,18685,8.72857441
11.5736715,Arkansas,72114,34.756189,-92.281296,0,12658,9.915561832
12.11916667,Arkansas,72202,34.729603,-92.243587,23.7,9978,9.915561832
12.09854227,Arkansas,72209,34.681343,-92.328697,23.7,32376,9.915561832
11.1147929,Arkansas,72901,35.389672,-94.424288,23.7,21591,7.800026366
10.9952381,Arkansas,71730,33.220274,-92.669619,22,32213,7.703593923
10.68508772,Arkansas,72764,36.1797,-94.116827,21,50230,8.270712276
9.95,Arkansas,72149,35.24894,-91.715596,14.125,0,9.300214121
11.61006711,California,94551,37.687526,-121.784217,5.2,36867,11.41442872
9.539583333,California,94603,37.743065,-122.169935,22.5,31403,13.90087017
9.542857143,California,94538,37.535833,-121.961823,3.6,61148,11.41442872
20.45757576,California,95926,39.757371,-121.843286,15.7,37725,5.364694578
10.1640625,California,95249,38.201852,-120.681567,10.1,4042,7.442023938
11.93728814,California,95932,39.202935,-122.017728,8.6,7718,5.134311455
9.73877551,California,94518,37.936013,-122.026154,8.5,26778,13.90087017
18.67700893,California,93726,36.781333,-119.77319,31.3,40705,6.460891351
22.25912304,California,93612,36.819111,-119.717356,15.5,35351,6.460891351
17.46111111,California,93727,36.72639,-119.733,36.9,71820,6.460891351
7.6,California,95501,40.80178,-124.1621,10.9,23976,3.263085081
8.217241379,California,95501,40.776944,-124.1775,12.6,23976,3.263085081
10.15108696,California,92231,32.676186,-115.484144,15.8,39073,14.85092715
8.233913043,California,92227,32.97833,-115.53917,24,26234,11.62284991
8.082407407,California,92243,32.79222,-115.56306,22.3,48030,14.85092715
6.695945946,California,93530,36.487823,-117.871036,0,47,3.513012038
21.2012987,California,93301,35.385574,-119.015009,31.4,12248,5.747608859
6.647272727,California,93501,35.050551,-118.147294,36.8,5467,5.603726797
21.50379404,California,93304,35.356092,-119.041209,22.1,48731,5.747608859
7.086206897,California,93555,35.62109,-117.67296,8.7,32560,4.92293492
23.16078431,California,93304,35.322928,-118.999167,22.1,48731,5.747608859
17.12689075,California,93212,36.10218,-119.566954,22.7,26079,6.194698115
9.03015873,California,95453,39.0327,-122.92229,9.8,11256,3.106960152
14.21339564,California,91702,34.1365,-117.92391,5.7,59705,12.82800248
13.92966102,California,91502,34.17605,-118.31712,10.3,11371,9.270752356
16.11581769,California,90012,34.06659,-118.22688,33.7,31103,9.951742847
11.76814159,California,91335,34.19925,-118.53276,12.8,74363,9.270752356
14.38673469,California,90262,33.92899,-118.21071,19.7,69745,9.951742847
15.00438596,California,90660,34.01194,-118.06995,10.5,62928,12.82800248
12.84067797,California,91106,34.1326,-118.1272,8.5,24229,9.689227582
14.19566474,California,90807,33.82376,-118.18921,5.4,31481,9.951742847
13.70916905,California,90806,33.79236,-118.17533,6.9,42399,6.967713276
7.12,California,93534,34.671394,-118.131456,21.8,39341,7.90834744
8.206349206,California,95482,39.15047,-123.20655,14.1,31808,2.907634071
16.69487179,California,95348,37.308537,-120.480993,14.4,30805,6.814392226
7.166197183,California,93906,36.69676,-121.637182,12.7,59461,5.302319839
14.3,California,95945,39.234331,-121.056591,11.3,25199,6.999230163
11.94216216,California,96161,39.338504,-120.171291,7,18451,4.283312787
12.76578947,California,92804,33.83062,-117.93845,13.3,85914,9.799704275
10.3675,California,92630,33.63003,-117.67593,4.4,59182,9.799704275
11.19206349,California,95678,38.745726,-121.266312,5.9,41192,8.814367987
15.28135593,California,95971,39.937099,-120.938821,14.8,5970,4.344805448
14.17017544,California,96122,39.808333,-120.471667,7.1,3883,3.696869507
13.28974359,California,92506,33.94603,-117.40063,6.7,44001,11.40408527
8.254878049,California,92201,33.70853,-116.21537,20,61827,8.211318548
6.984545455,California,92262,33.85275,-116.54101,10.3,26179,7.719797126
16.43629442,California,92509,33.99958,-117.41601,13.1,75196,12.75330821
18.16116505,California,92509,33.995638,-117.493304,6.1,75196,12.75330821
14.61779141,California,95821,38.613779,-121.368014,14,33550,9.393725286
12.01666667,California,95818,38.558228,-121.492981,12.2,19811,9.393725286
13.28145161,California,95817,38.556326,-121.458499,21,13534,9.393725286
6.936666667,California,95045,36.844096,-121.362121,9.4,4046,6.855167243
15.81504425,California,91763,34.037222,-117.69,12.2,36375,12.75330821
8.644859813,California,92395,34.510014,-117.331433,20.9,42400,9.821146634
15.20625,California,92335,34.10002,-117.49201,19.7,95397,12.75330821
9.224137931,California,92314,34.264444,-116.864444,11.6,10162,7.074141258
13.34684685,California,92408,34.10688,-117.27411,41.6,15271,10.48825836
12.30512821,California,91911,32.631231,-117.05907500000001,10,82999,7.145248159
13.36607143,California,92019,32.791194,-116.942092,18.2,42598,10.63010269
11.3049505,California,92123,32.836461,-117.128752,6.8,26823,9.679733865
17.46180648,California,92025,33.127711,-117.075325,18.1,49978,9.409954046
13.7428125,California,92113,32.701492,-117.149653,12.125,56066,9.679733865
3.467741935,California,91905,32.725226,-116.365203,0,1700,7.729721496
9.987,California,94107,37.765946,-122.399044,7.5,26599,9.230953731
15.62903226,California,95205,37.950741,-121.268523,31.8,38069,10.83838742
7.609090909,California,93401,35.256577,-120.669861,7.95,28033,4.056169985
8.006306306,California,93422,35.49158,-120.66804,6.5,31375,4.045829058
9.497826087,California,94063,37.482934,-122.20337,15.7,30949,5.795291945
10.36779661,California,93103,34.427775,-119.691218,6.9,20249,4.621209208
7.874545455,California,93458,34.949147,-120.43763,18.4,55431,4.226113797
8.63553719,California,95020,36.999571,-121.574684,7.6,57349,6.517516545
12.26558704,California,95112,37.348497,-121.894898,15.9,55927,7.773002511
6.767213115,California,95062,36.983921,-121.989328,5.4,36079,5.061994729
15.2609375,California,96001,40.549985,-122.382011,15.3,33865,3.429817599
10.83589744,California,96019,40.69184,-122.40179,10.5,10082,3.95248466
10.8395122,California,94590,38.102507,-122.237976,18.8,35420,10.71285712
9.078494624,California,95401,38.443503,-122.710169,5.8,36981,5.929802866
17.17716535,California,95354,37.641583,-120.994622,29,25394,8.64579683
12.96979472,California,95991,39.138773,-121.618549,7.1,40593,7.02573322
20.6480916,California,93292,36.332178999999996,-119.291228,11.3,39032,6.584716444
10.3647541,California,91360,34.210154,-118.870496,4.7,42402,6.898123855
9.693220339,California,93040,34.404268,-118.809946,17,2031,5.451476481
10.68319328,California,93063,34.276362,-118.683757,4.4,54366,6.898123855
10.0210084,California,93036,34.252378,-119.143176,4.2,41691,5.675212674
10.64333333,California,95776,38.66121,-121.73269,9.6,21902,6.746774479
9.056906077,Colorado,80022,39.826007,-104.937438,0,42699,5.085549964
7.184745763,Colorado,80120,39.604399,-105.019526,8.2,28435,4.573256592
7.688034188,Colorado,80501,40.164576,-105.100856,14.8,39521,4.426824419
6.486065574,Colorado,80310,40.021097,-105.26338199999999,5.766666667,6578,5.085549964
7.989311164,Colorado,80294,39.751184,-104.987625,7.9,0,5.085549964
8.21875,Colorado,80216,39.781083,-104.95665,32,10924,5.085549964
8.0775,Colorado,80223,39.704005,-104.998113,17.6,17987,4.573256592
5.809917355,Colorado,80128,39.534488,-105.070358,3.4,34988,4.573256592
4.318333333,Colorado,80106,39.231384,-104.63477,4.2,4232,4.932026951
6.173469388,Colorado,80905,38.848014,-104.828564,16.5,16254,3.902921871
6.679166667,Colorado,80521,40.571288,-105.079693,9.5,33409,3.848796147
9.112711864,Colorado,81501,39.063798,-108.561173,14.4,23465,3.835827575
7.335779817,Colorado,81003,38.263058,-104.612133,24.7,14939,5.200836641
7.666956522,Colorado,80634,40.414877,-104.70693,14.8,52861,5.123931396
8.23362069,Colorado,80651,40.209387,-104.82405,6.5,4176,5.706081519
11.92110092,Connecticut,6604,41.170833,-73.194722,22.1,30313,7.666388153
11.70431034,Connecticut,6810,41.399167,-73.443056,8.6,49482,7.666388153
11.79459459,Connecticut,6851,41.1125,-73.407222,8.2,26703,7.666388153
10.19226361,Connecticut,6880,41.118333,-73.336667,2.6,26647,7.666388153
9.564431487,Connecticut,6108,41.784722,-72.631667,18.5,24307,6.659058967
10.52678571,Connecticut,6114,41.7425,-72.634444,9.3,27449,6.659058967
8.962711864,Connecticut,6787,41.64486,-73.07908,1.3,7975,6.104501156
6.708403361,Connecticut,6756,41.821342,-73.297257,1.2,2853,5.438827437
11.51583333,Connecticut,6513,41.291111,-72.894167,6.5,38978,8.597730586
11.2868932,Connecticut,6513,41.3014,-72.902871,6.3,38978,8.597730586
12.11694915,Connecticut,6510,41.310833,-72.916944,6.3,2737,8.597730586
10.62477876,Connecticut,6511,41.331389,-72.919722,17.6,53600,8.597730586
11.62722222,Connecticut,6702,41.550556,-73.043611,56.3,3654,6.104501156
10.06160458,Connecticut,6360,41.524167,-72.076667,10.1,37541,7.538637828
11.36869565,Delaware,19943,38.986672,-75.5568,11.8,11425,8.936071546
11.27678571,Delaware,19901,39.155,-75.518056,0.825,35055,8.936071546
12.98316832,Delaware,19809,39.761111,-75.491944,5.3,14049,10.00607413
11.48425926,Delaware,19701,39.5513,-75.732,3.5,39194,9.75057813
12.61388889,Delaware,19716,39.691962,-75.761299,2.325,1568,10.00607413
13.52922252,Delaware,19801,39.739444,-75.558056,31.8,16286,10.00607413
12.24827586,Delaware,19973,38.6539,-75.6106,14.3,23838,9.009156591
12.10485437,District Of Columbia,20019,38.895572,-76.958072,25.1,54358,12.50397672
12.43697479,District Of Columbia,20024,38.876255,-77.034059,18.9,11510,10.37936426
11.68633721,District Of Columbia,20010,38.921847,-77.013178,13,30138,10.37936426
7.258333333,Florida,32606,29.706111,-82.387778,4.7,21833,8.52273932
7.940677966,Florida,32605,29.658333,-82.408333,19.5,22925,8.52273932
9.909322034,Florida,32404,30.144167,-85.614444,14.5,38425,8.909907716
7.555371901,Florida,32901,28.053611,-80.628611,12.3,24521,7.032765673
7.38606357,Florida,33314,26.083143,-80.237586,15,21885,5.398935289
7.402654867,Florida,33060,26.217222,-80.127778,21.4,32154,5.656091419
8.130088496,Florida,33020,26.000833,-80.160556,14.3,41329,6.04852418
7.815441176,Florida,34428,28.980556,-82.7,7,9109,8.296370329
8.464553314,Florida,32223,30.135556,-81.634167,2.3,23980,8.844856129
9.145308311,Florida,32225,30.354722,-81.547778,14.4,52485,7.167520494
9.639189189,Florida,32514,30.525367,-87.20355,10.3,37399,7.523407184
8.552955665,Florida,33609,27.931944,-82.509722,1.1,15999,9.425857633
8.231197772,Florida,33527,27.96565,-82.2304,20.2,15203,10.12499283
7.023333333,Florida,33901,26.602016,-81.877908,11.5,19500,7.480289059
10.56737589,Florida,32304,30.439722,-84.346389,38.9,46145,11.39816334
7.967826087,Florida,33015,25.941944,-80.326389,11.4,63544,5.398935289
8.256666667,Florida,33136,25.794222,-80.215556,31.7,13791,6.100081903
7.211730205,Florida,33030,25.471944,-80.482778,26.9,34110,4.64597954
7.545810056,Florida,32803,28.550833,-81.345556,5.5,19020,10.59791907
7.437371134,Florida,32789,28.596389,-81.3625,8.8,24557,10.59791907
6.19602649,Florida,33430,26.724444,-80.666667,42.3,21427,9.015444077
6.083193277,Florida,33411,26.730833,-80.233889,6.6,65245,5.98265848
6.600529101,Florida,33445,26.456944,-80.092778,15.5,29754,5.656091419
8.080154639,Florida,33710,27.785866,-82.739875,5.4,32780,9.583188
8.062608696,Florida,33755,27.986283,-82.78215,22.7,26146,7.312699366
8.104137931,Florida,33815,28.028889,-81.972222,23.4,14267,9.891444854
7.548648649,Florida,34947,27.448889,-80.40833,30.3,12186,5.902044962
6.931372549,Florida,34231,27.290556,-82.507222,12.5,30268,7.76904815
8.001360544,Florida,32746,28.746111,-81.310556,4.5,40571,9.468136434
12.25313433,Georgia,31206,32.777455,-83.641096,38.8,29072,11.71680091
12.23367347,Georgia,31020,32.805408,-83.543521,26.8,2541,11.71680091
11.91633987,Georgia,31408,32.092957,-81.14399,24.9,9952,8.573354613
11.4893617,Georgia,31408,32.110759,-81.161847,16.9,9952,9.002287114
12.25168539,Georgia,30605,33.918067,-83.344495,12.1,39952,9.161458727
13.84869565,Georgia,30297,33.609867,-84.391028,27.5,27188,10.52544688
13.74336283,Georgia,30144,34.015482,-84.607407,6.4,52252,8.932245796
13.07155172,Georgia,30127,33.89932,-84.661514,5.1,60347,10.52544688
12.71311953,Georgia,30034,33.68797,-84.29048,15,43113,13.4411511
13.07327824,Georgia,30341,33.901389,-84.279903,11,31793,13.4411511
12.85188679,Georgia,31705,31.576917,-84.100194,36.7,35565,11.75110069
12.96348684,Georgia,30165,34.263198,-85.304826,15,39975,9.303585787
13.28062678,Georgia,30305,33.819564,-84.389708,5.3,22999,10.52544688
14.25798319,Georgia,30313,33.77933,-84.39576,8.75,9495,10.52544688
9.829347826,Georgia,31520,31.169735,-81.495881,26.5,22336,6.847049751
12.54519231,Georgia,30043,33.96127,-84.06901,11.1,80241,9.339460927
11.87578947,Georgia,30507,34.30008,-83.81217,27.7,28399,8.244530163
11.73947368,Georgia,31098,32.6056,-83.597907,16.2,2888,11.71680091
9.554945055,Georgia,31698,30.848056,-83.294444,14.05,2223,9.930763988
13.49285714,Georgia,31901,32.483543,-84.980977,37.7,8638,9.774143543
12.59107143,Georgia,31909,32.521302,-84.944795,6.8,35177,11.06786449
13.16330275,Georgia,31903,32.42905,-84.9316,37.8,20128,11.06786449
11.89396552,Georgia,30153,33.9285,-85.04534,14.5,18411,8.926431002
13.71337209,Georgia,30912,33.469164,-81.991426,10.575,296,10.88106258
13.48316832,Georgia,30904,33.433349,-82.022217,26.6,25666,10.88106258
12.475,Georgia,30741,34.97889,-85.30098,48.3,29290,9.459333349
11.87567568,Georgia,31082,32.974881,-82.80876,20,10408,9.821763499
12.80348837,Georgia,31031,32.881829,-83.333775,8.1,6576,10.58292523
7.912658228,Idaho,83642,43.600699,-116.347853,6.6,37008,4.777593577
7.718627451,Idaho,83704,43.636111,-116.270278,13.1,39628,4.777593577
5.136440678,Idaho,83203,42.978333,-112.455,15.8,309,2.918973502
9.050442478,Idaho,83861,47.316667,-116.57028,10,6360,5.968979239
6.248888889,Idaho,83237,42.013333,-111.809167,11.1,1146,3.585955304
9.720689655,Idaho,83467,45.181897,-113.890285,12.5,6270,1.629837914
11.70163043,Idaho,83839,47.536389,-116.236667,25.8,1417,3.762412841
9.181355932,Illinois,62301,39.915409,-91.335868,4.5,33758,7.209794726
10.48793103,Illinois,61820,40.123796,-88.229531,20.7,36964,9.847546006
11.00169492,Illinois,61875,40.05278,-88.37251,21.3,761,9.000962834
12.59298246,Illinois,60617,41.687165,-87.539315,31.4,84155,16.90920694
11.78113208,Illinois,60617,41.70757,-87.568574,21.7,84155,16.90920694
12.24525994,Illinois,60630,41.965485,-87.749928,7.8,54093,12.15908766
12.03981481,Illinois,60647,41.912862,-87.722723,28.2,87291,12.15908766
11.90588235,Illinois,60652,41.7514,-87.713488,9.2,40959,12.66599036
12.92352941,Illinois,60525,41.80118,-87.832349,8,31168,12.66599036
12.52782609,Illinois,60406,41.662109,-87.696467,19.2,25460,12.66599036
13.44678899,Illinois,60176,41.965193,-87.876265,6.2,11795,12.15908766
12.04537815,Illinois,60501,41.782766,-87.805376999999993,16.2,11626,12.66599036
11.32347826,Illinois,60016,42.060285,-87.863225,4.7,59690,12.15908766
10.05689655,Illinois,60022,42.139996,-87.799227,5.1,8153,12.15908766
13.16597938,Illinois,60644,41.864426,-87.748902,29.2,48648,12.15908766
11.29152542,Illinois,60540,41.771071,-88.152534,2.2,42910,10.8586589
12.42363636,Illinois,62859,38.082155,-88.624943,3.7,5748,9.170837892
9.989285714,Illinois,62052,39.110539,-90.32408,6.8,13002,8.643841496
10.85,Illinois,60120,42.050403,-88.280015,9.4,50955,10.42447677
10.40350877,Illinois,60506,41.784717,-88.329374,2.1,53013,10.8586589
9.360655738,Illinois,60096,42.467573,-87.810047,2.5,6897,11.31861934
10.56759259,Illinois,61348,41.293015,-89.049425,5.1,4696,8.542114898
10.09009009,Illinois,60013,42.221442,-88.242207,2.9,26872,9.594217933
10.7626087,Illinois,61761,40.518735,-88.996896,9.7,52879,9.783419321
11.85932203,Illinois,62526,39.866834,-88.925594,59.4,34075,9.147611956
14.48508772,Illinois,62040,38.700632,-90.144763,32.1,43735,12.08051091
15.68585859,Illinois,62040,38.704534,-90.139675,32.1,43735,12.08051091
12.41090909,Illinois,62002,38.903085,-90.143168,13.3,32704,9.167593915
12.14661017,Illinois,62095,38.860669,-90.105851,16.5,11237,10.17815534
11.18739496,Illinois,61602,40.697007,-89.584737,22.3,1055,8.531867323
10.40862069,Illinois,62217,38.176278,-89.788459,2.8,807,9.880902014
10.68245614,Illinois,61265,41.514727,-90.51735,8.3,45099,8.892742611
12.17272727,Illinois,62207,38.612034,-90.160477,0,8750,12.08051091
12.68715596,Illinois,62226,38.529631,-89.99285,9.9,29744,14.39328259
11.08125,Illinois,62702,39.831921,-89.644164,15.2,37281,8.534604752
11.67704918,Illinois,60435,41.526885,-88.116474,9.8,48899,10.8586589
10.36166667,Illinois,60935,41.221537,-88.190967,12.6,1064,9.76348422
10.70916667,Illinois,61104,42.263081,-89.092767,32.4,19269,8.366766778
11.69906542,Indiana,46805,41.094965,-85.101816,13.5,21306,10.38323073
14.5438806,Indiana,47130,38.277675,-85.740153,33.5,44722,10.18727094
11.62389381,Indiana,47305,40.201141,-85.387999,30.3,4106,10.07465088
12.198,Indiana,47546,38.369436,-86.959031,5.6,21009,10.05661912
12.53545455,Indiana,47546,38.404778,-86.928322,5.6,21009,10.05661912
12.7364,Indiana,47546,38.391443,-86.92916,5.6,21009,10.05661912
12.25585586,Indiana,46516,41.656905,-85.968372,18.8,33501,10.67748477
12.62283951,Indiana,47150,38.308056,-85.834167,13,47472,10.18727094
11.58571429,Indiana,47660,38.322931,-87.318789,13.2,4934,9.730978032
11.3963964,Indiana,47356,40.009525,-85.523455,7.7,5781,10.07465088
11.48529412,Indiana,46902,40.485479,-86.132879,13.8,35697,10.25923224
11.64067797,Indiana,47516,38.740882,-87.484733,6.6,1249,9.43541026
11.88365385,Indiana,46312,41.636127,-87.440843,33.3,29698,16.90920694
12.51,Indiana,46402,41.60668,-87.304729,40.6,6726,16.90920694
13.88240741,Indiana,46406,41.573239,-87.405905,25.1,9900,16.90920694
11.63364486,Indiana,46319,41.546593,-87.426481,6.1,18404,16.90920694
12.22709677,Indiana,46402,41.598505,-87.342991,40.6,6726,16.90920694
12.87565292,Indiana,46323,41.585496,-87.474486,11.8,22743,16.90920694
12.48490566,Indiana,46394,41.678349,-87.508345,31.4,12258,16.90920694
11.15225225,Indiana,46360,41.707212,-86.891216,15.1,43625,12.25447286
12.18477011,Indiana,46016,40.111975,-85.679952,33,19225,10.07465088
15.09504132,Indiana,46225,39.744993,-86.166464,31.3,7319,11.88048124
13.21376147,Indiana,46201,39.760437,-86.108848,32.8,30962,11.88048124
13.05221239,Indiana,46218,39.811097,-86.114469,30.2,29028,11.88048124
13.74401914,Indiana,46222,39.788903,-86.214628,22.7,34044,9.936537341
13.25391304,Indiana,46201,39.774979,-86.12202,32.8,30962,11.88048124
10.88245614,Indiana,46368,41.617558,-87.199248,9.9,38691,16.90920694
11.3275,Indiana,46615,41.66346,-86.207826,16.5,14609,10.67748477
12.37624314,Indiana,46615,41.696692,-86.214683,6.2,14609,10.67748477
11.81339286,Indiana,47523,38.167523,-86.983214,5.7,3435,10.05661912
11.59897698,Indiana,47904,40.431639,-86.8525,20.3,16277,10.38380803
12.26646341,Indiana,47708,37.971727,-87.567236,0,439,10.35339888
12.53333333,Indiana,47710,38.021727,-87.569458,14.1,19527,10.35339888
12.45384615,Indiana,47714,37.974436,-87.532289,15,34107,10.35339888
12.26428571,Indiana,47807,39.48615,-87.401398,38.6,13045,9.587637735
11.92312704,Indiana,47803,39.456238,-87.370553,38.6,21102,9.587637735
10.38991597,Iowa,50703,42.493056,-92.343889,11,19863,7.031190848
12.15648415,Iowa,52732,41.823283000000004,-90.211982,10.1,28293,8.476871228
10.99708455,Iowa,52732,41.874999,-90.177574,3.1,28293,8.476871228
10.24444444,Iowa,52038,42.600834,-91.538493,0,491,7.055310635
10.77894737,Iowa,52245,41.657232,-91.503478,4.9,22573,8.153296681
11.43559322,Iowa,52632,40.400959,-91.391012,16.9,13086,7.147876003
10.32396694,Iowa,52402,42.00508,-91.6793,5.8,40149,7.459158074
10.76906907,Iowa,52405,41.97677,-91.68766,46.3,23621,7.459158074
8.806034483,Iowa,51573,40.969112,-95.044951,5.9,1093,6.246671444
12.54396285,Iowa,61259,41.400968,-91.067957,11.4,1276,8.227486166
8.631034483,Iowa,50536,43.123704,-94.693518,4.7,4541,5.798107302
9.744410876,Iowa,50314,41.603159,-93.643118,26,12465,7.744652554
9.542372881,Iowa,50266,41.603517,-93.7479,2.7,23625,6.429376605
10.2773913,Iowa,51510,41.264171,-95.896124,9.8,3785,7.267698066
11.86449704,Iowa,52804,41.530011,-90.587611,44.4,27379,8.892742611
11.24918033,Iowa,52804,41.550005,-90.600115,44.4,27379,8.892742611
13.464,Iowa,52802,41.517772,-90.618755,17.7,10868,8.892742611
9.269642857,Iowa,52565,40.695078,-92.006318,10.4,2027,6.775810897
9.853278689,Iowa,51104,42.517968,-96.387903,10.3,22104,5.622957691
9.154368932,Iowa,50525,42.695391,-93.655976,0,3583,6.449447403
9.38490566,Kansas,66212,38.974457,-94.687013,10.7,32096,9.717684427
8.454954955,Kansas,66062,38.838575,-94.746424,2.7,74411,8.027682198
9.754545455,Kansas,66075,38.135882,-94.731988,13.7,2103,7.091016466
9.631304348,Kansas,67211,37.659334,-97.297714,17.5,20644,7.714494775
9.47107438,Kansas,67217,37.651114,-97.362212,24.6,30186,7.714494775
9.391812865,Kansas,67214,37.702066,-97.314847,32.4,16542,7.266570895
9.90990991,Kansas,66611,39.024265,-95.711275,9.9,9832,6.715784009
9.05785124,Kansas,67120,37.47689,-97.366399,3.1,1358,7.714494775
10.24709302,Kansas,66101,39.117219,-94.635605,33.1,13220,9.717684427
9.545454545,Kansas,66203,39.046314,-94.694816,16.8,19156,9.717684427
12.45762712,Kentucky,40965,36.60843,-83.73694,32.1,13570,7.309760229
12.07438017,Kentucky,41101,38.45934,-82.64041,15.6,18758,9.249667328
12.8231405,Kentucky,40165,37.98629,-85.71192,8.7,32726,10.22024401
11.87647059,Kentucky,41099,39.021881,-84.47445,9.55,1169,11.79123558
10.28429752,Kentucky,41143,38.23887,-82.9881,1.85,14535,7.740764596
11.98205128,Kentucky,42220,36.91171,-87.323337,17.4,6844,9.278927582
12.01652174,Kentucky,42303,37.780776,-87.075307,11.8,38909,11.77080397
12.22416667,Kentucky,40508,38.06503,-84.49761,32.9,23569,9.488703306
12.10517241,Kentucky,40508,38.038889,-84.5075,20.525,23569,9.488703306
11.49159664,Kentucky,40601,38.219361,-84.8385,12,49566,9.46338616
12.23181818,Kentucky,42701,37.705612,-85.852629,10.3,48194,9.101351421
11.74848485,Kentucky,42420,37.8712,-87.46375,17.3,38192,10.35339888
13.17715582,Kentucky,40211,38.23319,-85.81566,32.9,22612,10.18727094
13.40409357,Kentucky,40215,38.19113,-85.77935,32,22287,10.18727094
13.43275862,Kentucky,40204,38.24024,-85.73195,9.5,14236,10.18727094
12.73333333,Kentucky,40272,38.06091,-85.89804,9.9,37394,10.18727094
12.01570248,Kentucky,41011,39.0725,-84.525,21.7,25872,11.79123558
11.87777778,Kentucky,42003,37.06636,-88.63774,10.6,29683,9.757218162
10.45966387,Kentucky,40475,37.738458,-84.284952,13.1,55803,9.471733992
11.99166667,Kentucky,42320,37.319725,-86.956097,19.5,8205,9.213426097
10.55294118,Kentucky,41501,37.4826,-82.53532,18.5,23298,9.442974574
12.45088757,Kentucky,42159,37.035438,-86.250628,7.2,1195,9.55878605
11.5471831,Louisiana,71108,32.471666,-93.794999,32.7,20388,8.985813934
8.76407767,Louisiana,70668,30.227778,-93.578333,15.2,6424,11.30427813
9.251886792,Louisiana,70601,30.177143,-93.214514,21.8,32384,13.32880005
11.38439153,Louisiana,70802,30.46198,-91.17922,15,27267,14.00675104
9.66,Louisiana,70807,30.593978,-91.251943,33.2,20377,14.00675104
11.64811321,Louisiana,70721,30.219097,-91.062547,11.1,701,15.34691535
9.571296296,Louisiana,70764,30.220556,-91.316111,16.9,17584,10.91760653
9.146788991,Louisiana,70065,30.043573,-90.275091,9.2,51116,11.27549383
9.279439252,Louisiana,70072,29.883056,-90.083333,14.3,56344,11.57105867
9.127966102,Louisiana,70507,30.274833,-92.0172,13,16558,12.4145494
9.2325,Louisiana,70506,30.2175,-92.051389,13.4,41163,12.4145494
9.2925,Louisiana,71203,32.509713,-92.046093,8.25,37105,10.50827611
9.047413793,Louisiana,71302,31.177638,-92.410611,23.6,15049,10.91341803
10.58431373,Louisiana,70043,29.94475,-89.976263,14.1,16760,8.966612063
10.31258741,Louisiana,70401,30.503056,-90.376944,19.2,20415,9.363830088
8.521495327,Louisiana,70359,29.678883,-90.779967,17.2,8408,17.24378332
11.47197452,Louisiana,70805,30.500643,-91.213556,33.2,29909,14.00675104
5.583783784,Maine,4769,46.69838,-68.038929,12.4,9692,2.135087637
12.7279661,Maryland,21061,39.169533,-76.627933,6.9,53684,10.94098514
11.7097561,Maryland,21030,39.462029,-76.631673,1.5,24355,9.634451847
12.55375375,Maryland,21221,39.310833,-76.474444,5.3,42154,10.94098514
13.22359765,Maryland,21921,39.701444,-75.860051,0,44471,12.05354541
11.16818182,Maryland,21040,39.410191,-76.296946,0,24420,10.01524809
9.640666344,Maryland,20855,39.114313,-77.106876,4.8,14295,10.37936426
12.50877193,Maryland,20710,38.94121,-76.93219,12,9313,12.50397672
12.20978963,Maryland,20708,39.055277,-76.878333,4.1,25546,12.50397672
11.3472973,Maryland,20772,38.81194,-76.74417,1.3,42625,12.50397672
11.86393443,Maryland,21746,39.564178,-77.720244,3.575,1883,8.604723467
12.20416667,Maryland,21251,39.340556,-76.582222,3.525,934,10.94098514
12.53157895,Maryland,21215,39.34465,-76.68538,21.2,60161,10.94098514
12.79009009,Maryland,21224,39.28777,-76.546861,15.9,49134,10.94098514
14.28625,Maryland,21226,39.232778,-76.579722,7.2,7561,10.94098514
13.3177621,Maryland,21202,39.297733,-76.604603,28.8,22832,10.94098514
9.955,Massachusetts,1201,42.448009,-73.254108,12.3,46504,5.844493147
9.045901639,Massachusetts,2724,41.685707,-71.169235,21.4,16908,7.373641272
8.713157895,Massachusetts,1904,42.474642,-70.970816,17.4,18203,8.038854525
8.545689655,Massachusetts,1832,42.770837,-71.10229,6.3,22060,5.81138681
9.05,Massachusetts,1840,42.698215,-71.164413,22,4733,5.81138681
9.265065502,Massachusetts,1022,42.19438,-72.555112,0,2451,6.457218806
10.76890756,Massachusetts,1103,42.108992,-72.590803,28.6,2479,6.457218806
10.80991736,Massachusetts,1103,42.105792,-72.597133,28.6,2479,6.457218806
8.700819672,Massachusetts,1863,42.62668,-71.362068,15.5,8891,6.189106765
9.631696429,Massachusetts,2302,42.081936,-71.014739,10.2,32741,8.813116795
11.15701754,Massachusetts,2215,42.348873,-71.097163,6.4,26125,8.038854525
10.66896552,Massachusetts,2129,42.372122,-71.061741,18.2,16439,8.038854525
9.824576271,Massachusetts,2119,42.3295,-71.0826,29.3,25346,8.038854525
11.10806676,Massachusetts,2113,42.3631,-71.0543,5.6,6915,8.038854525
9.782905983,Massachusetts,1608,42.260102,-71.798375,61.7,3888,6.171184139
10.30517241,Massachusetts,1608,42.263955,-71.794322,61.7,3888,6.171184139
9.644347826,Michigan,49423,42.767786,-86.148577,9.7,44977,6.707858884
8.935087719,Michigan,48708,43.571391,-83.890721,12.6,27262,8.184169182
9.898230088,Michigan,49038,42.19779,-86.309694,10.1,9310,7.698056572
10.78214286,Michigan,49783,46.493611,-84.364167,11,19668,3.036034917
10.5725,Michigan,49783,46.481667,-84.331667,11,19668,3.036034917
11.7804878,Michigan,49715,46.454,-84.6067,10.3,3130,2.95268486
10.1287037,Michigan,48506,43.047224,-83.670159,37.1,30019,9.262458571
9.87295082,Michigan,48912,42.738618,-84.534633,19.9,17035,8.740749859
11.16056338,Michigan,49001,42.278067,-85.54189,27.3,22095,9.168110834
11.14615385,Michigan,49503,42.956117,-85.679117,24,35940,8.706745192
10.6298153,Michigan,49503,42.984173,-85.671339,24,35940,8.706745192
9.9275,Michigan,49286,41.995568,-83.946559,3.5,14797,9.313380663
10.6965812,Michigan,48048,42.731394,-82.793463,8,7548,8.830787847
7.611711712,Michigan,49660,44.307,-86.242649,3.6,14066,4.955158539
6.522807018,Michigan,49667,44.310555,-84.891865,11.5,549,4.69674774
11.4008547,Michigan,48133,41.763889,-83.471944,7.2,5753,9.638579658
9.594252874,Michigan,49440,43.233061,-86.23858,28.2,953,5.980674641
10.89576271,Michigan,48237,42.463063,-83.183199,15.1,29319,8.680140351
10.79802817,Michigan,49428,42.894451,-85.852734,5,25420,8.782817169
11.10508475,Michigan,48060,42.953336,-82.456229,20.7,40831,8.203963085
11.43684211,Michigan,48198,42.240565,-83.599602,15.9,38186,9.068287306
11.9298153,Michigan,48101,42.22862,-83.2082,5.6,28200,10.16448733
12.8647541,Michigan,48209,42.302786,-83.10653,34.3,32262,10.16448733
11.90847458,Michigan,48208,42.357808,-83.096033,41.2,10234,8.680140351
11.32586207,Michigan,48205,42.43084,-83.000138,36.4,44045,13.50114589
10.95811966,Michigan,48152,42.423063,-83.426263,2.9,31173,8.680140351
13.39831933,Michigan,48120,42.306674,-83.148754,25.4,8274,10.16448733
10.96416667,Michigan,48192,42.187289,-83.153905,9.5,25883,10.16448733
11.80086957,Michigan,48210,42.335008,-83.109563,39.4,31017,8.680140351
12.25689655,Michigan,48216,42.323341,-83.068473,10.65,5645,13.79705975
4.744827586,Minnesota,56641,47.159942,-94.150987,10.1,324,3.737680209
9.490598291,Minnesota,55124,44.73846,-93.23725,3.6,49084,7.112881268
9.4475,Minnesota,55423,44.87551,-93.25892,8.5,35375,7.985952649
9.96557377,Minnesota,55404,44.95366,-93.25821,37.6,27121,7.985952649
10.31570248,Minnesota,55412,45.03972,-93.29874,20.7,22148,7.985952649
10.14,Minnesota,55416,44.94805,-93.34315,3.8,29027,7.985952649
7.008333333,Minnesota,56450,46.2053,-93.75945,13.7,1017,5.139336544
10.17636364,Minnesota,55902,43.996908,-92.450366,7.8,21968,6.979581253
11.53265306,Minnesota,55055,44.89926,-93.017080000000007,6.3,3418,12.59172326
11.1,Minnesota,55101,44.95072,-93.09827,1.4,5592,7.985952649
10.93423423,Minnesota,55106,44.95939,-93.03587,23.9,52730,12.59172326
5.764285714,Minnesota,55792,47.523355,-92.536305,11.1,10107,4.654043005
6.697297297,Minnesota,55812,46.81826,-92.08936,32.9,10924,3.939519191
7.807563025,Minnesota,55806,46.76643,-92.13354,26.9,9576,3.939519191
9.504201681,Minnesota,55347,44.791437,-93.512534,3.6,30069,7.985952649
8.876271186,Minnesota,56304,45.549839,-94.13345,20,16020,5.883497213
8.405,Minnesota,55003,45.02798,-92.77415,4.3,3471,12.59172326
10.68559322,Mississippi,39120,31.560752,-91.390405,23.9,32334,7.486650037
11.77567568,Mississippi,38732,33.746056,-90.723028,24.6,17981,10.75473486
11.62118644,Mississippi,38632,34.82166,-89.98783,6.5,24377,11.81148541
13.015,Mississippi,39406,31.323639,-89.287167,6.225,1759,8.705447972
10.33217391,Mississippi,38901,33.834444,-89.792778,19,18403,7.575576744
9.804310345,Mississippi,39507,30.390369,-89.049778,11.5,16234,8.637198706
12.06837607,Mississippi,39206,32.385731,-90.1412,6.7,25341,9.000090174
10.113,Mississippi,39567,30.378287,-88.53393,14.2,10740,8.314435207
13.12268908,Mississippi,39440,31.688638,-89.135115,24,21305,8.787246435
12.42184874,Mississippi,39307,32.364565,-88.731491,27.3,18603,9.436429692
11.76554622,Mississippi,38801,34.264917,-88.766222,22.8,29871,8.177865957
11.58434783,Mississippi,39705,33.491121,-88.418567,19.8,13667,8.307398901
12.03589744,Missouri,66024,39.741694,-94.858584,10.9,927,6.863490932
9.953333333,Missouri,64734,38.75976,-94.57997,9.6,2004,9.778807938
10.12808989,Missouri,64744,37.69,-94.035,14.8,7836,6.934786081
10.10956522,Missouri,64068,39.30309,-94.376623,6.3,36280,7.626602901
10.81184211,Missouri,65806,37.199541,-93.284874,28.4,10586,7.506265451
12.51589744,Missouri,64106,39.104758,-94.570796,45.6,7701,9.717684427
11.43216783,Missouri,63010,38.448633,-90.39854,5.4,35439,12.08051091
11.74224138,Missouri,63670,37.982225,-90.052547,0,11295,9.50211945
12.16204188,Missouri,63105,38.649771,-90.350659,2.6,17667,12.08051091
12.53899721,Missouri,63111,38.542551,-90.263711,21.7,20313,12.08051091
12.93926554,Missouri,63107,38.656498,-90.198646,29.1,11912,12.08051091
12.67114846,Missouri,63102,38.642857,-90.185059,0,2316,12.08051091
13.36355932,Missouri,63102,38.656479,-90.189868,0,2316,12.08051091
5.367213115,Montana,59401,47.502222,-111.278889,13.4,13774,2.399152036
8.893406593,Montana,59912,48.381111,-114.174722,8.9,13499,2.362930254
9.260344828,Montana,59912,48.400407,-114.336962,9.3,13499,2.287561296
7.913114754,Montana,59901,48.20054,-114.305334,9.3,49693,2.379521405
5.33875,Montana,59714,45.726223,-111.068135,5.4,18182,1.942860819
7.523333333,Montana,59718,45.772778,-111.1775,6.8,27367,2.056366582
6.886837335,Montana,59758,44.661393,-111.105891,13.3,1769,1.759888982
7.531147389,Montana,59636,46.603889,-112.035278,11.675,12,1.95385521
7.323214286,Montana,59602,46.658762,-112.013089,11.675,24285,2.09014633
13.16041667,Montana,59923,48.391545,-115.553309,17.7,9856,2.393010263
7.85,Montana,59868,47.1771,-113.4827,11.9,2054,2.370426932
8.508496732,Montana,59801,46.874912,-113.995253,12.6,30940,2.443071798
8.043262458,Montana,59840,46.243621,-114.158889,12.4,13052,1.858306726
7.191964286,Montana,59873,47.594395,-115.323746,12.4,3085,2.695436666
10.19016393,Montana,59703,46.002602,-112.501247,11.4,43,1.890419283
7.262184874,Montana,59101,45.801944,-108.426111,8.1,39562,2.511717332
9.181564246,Nebraska,68105,41.247486,-95.973142,19.8,23842,7.034604874
8.827586207,Nebraska,68127,41.197847,-96.056686,6.3,21117,7.456591829
7.687155963,Nebraska,68801,40.942099,-98.364967,4.8,30005,5.186107533
7.870063694,Nebraska,68503,40.81259,-96.68302,20.1,15264,7.226721633
9.190566038,Nebraska,68123,41.133294,-95.956103,4.1,27926,7.456591829
6.783809524,Nebraska,69361,41.865,-103.664444,12.3,17999,3.899386297
8.215533981,Nebraska,68008,41.551211,-96.146175,2.7,12285,7.034604874
9.284705882,Nevada,89101,36.163959,-115.113916,27.7,46055,9.264662377
4.521621622,Nevada,89179,35.785671,-115.357048,5.15,2340,8.390542115
9.011009174,Nevada,89030,36.19126,-115.12293,27.7,53928,9.264662377
11.74501992,Nevada,89501,39.525083,-119.807717,8.6,4252,5.14167653
6.094262295,New Hampshire,3246,43.566111,-71.496361,8.3,15963,3.63852829
11.42139034,New Hampshire,3431,42.930472,-72.272389,6.5,25280,4.587176552
6.68000278,New Hampshire,3784,43.629611,-72.309583,6.4,4086,4.41063884
9.218181818,New Hampshire,3060,42.762056,-71.444583,12.4,29357,5.873033391
8.712637363,New Hampshire,3275,43.13244,-71.458306,5.4,11437,4.662477749
8.195081967,New Hampshire,3904,43.075333,-70.748,4.4,7703,4.859330638
8.546666667,New Hampshire,3743,43.364444,-72.338333,12.6,14103,4.068964872
10.23092784,New Jersey,8205,39.464872,-74.448736,4.5,28626,8.857962119
10.771875,New Jersey,8401,39.36326,-74.431,28.1,39554,8.857962119
11.52924528,New Jersey,7024,40.852256,-73.973314,6.8,35353,11.61937224
12.66829268,New Jersey,7072,40.817218,-74.043758,6.7,6127,11.61937224
12.0804878,New Jersey,7072,40.816809,-74.043673,6.7,6127,11.61937224
12.33414634,New Jersey,7074,40.833111,-74.043459,3.2,2708,11.61937224
12.7495935,New Jersey,8104,39.923042,-75.097617,41.3,23851,12.11620281
11.85779817,New Jersey,8110,39.989036,-75.050008,9.4,19008,12.11620281
12.95714286,New Jersey,7108,40.730286,-74.212738,32.6,24386,7.87463715
11.62293578,New Jersey,8027,39.830806,-75.284723,8.8,4888,12.11620281
12.14406332,New Jersey,7302,40.725454,-74.05229,7.4,36352,11.61937224
13.22818182,New Jersey,7087,40.772793,-74.031718,19,66515,11.61937224
11.10791789,New Jersey,8608,40.222411,-74.763167,30.3,983,10.08882219
10.01401869,New Jersey,8560,40.31239,-74.87266,1.3,3656,9.168158022
10.85892857,New Jersey,8901,40.472825,-74.422403,15.8,55223,9.134249026
9.431132075,New Jersey,7960,40.801211,-74.483433,6.3,43747,7.87463715
8.844954128,New Jersey,7930,40.787628,-74.676301,2.3,8559,7.004228211
10.18425656,New Jersey,8753,39.994908,-74.170447,4.7,63678,10.58358715
11.46521739,New Jersey,7505,40.918381,-74.168092,21.3,2256,6.852829909
12.68036254,New Jersey,7202,40.64144,-74.208365,14.4,40849,11.61937224
12.38898305,New Jersey,7208,40.673406,-74.213889,12.6,31219,7.87463715
11.91081081,New Jersey,7065,40.603943,-74.276174,7.9,27346,7.87463715
11.16696429,New Jersey,8865,40.699207,-75.180525,10.2,29840,7.818637166
5.978931751,New Mexico,87109,35.1343,-106.5852,8.9,40432,10.10219897
5.913402062,New Mexico,87108,35.0631,-106.578785,24.9,38647,10.10219897
6.215555556,New Mexico,88230,33.396944,-104.523611,15,5179,5.887814289
12.43690476,New Mexico,88063,31.795833,-106.5575,6.8,12799,7.813533737
5.894782609,New Mexico,88001,32.321944,-106.767778,26.6,37484,8.630446892
5.072380952,New Mexico,88022,32.784444,-108.271667,10.2,1343,5.302021572
6.211214953,New Mexico,88242,32.726656,-103.122917,6.6,6141,5.869165056
4.280833333,New Mexico,87048,35.238056,-106.649444,3.8,8682,10.10219897
5.879746835,New Mexico,87401,36.7275,-108.220833,14.4,46293,5.917382155
4.509322034,New Mexico,87505,35.671111,-105.953611,9.6,31013,6.046069044
9.458760684,New York,12202,42.64225,-73.75464,27.5,9628,6.934664417
8.225742574,New York,12211,42.68075,-73.75733,27,11303,6.934664417
13.52241379,New York,10452,40.83606,-73.92009,33.9,75371,11.61937224
11.8701559,New York,10455,40.81618,-73.902,33.6,39665,11.61937224
11.65042735,New York,10458,40.8679,-73.87809,35.9,79492,7.880172238
7.965740741,New York,14787,42.29071,-79.58961,6.1,5121,7.151015944
10.69228487,New York,14206,42.876907,-78.809526,16.1,20751,9.746405444
9.866371681,New York,14218,42.8273,-78.84984,15.4,19039,9.746405444
4.298275862,New York,12997,44.39308,-73.8589,10.6,1239,3.385406218
11.90366972,New York,11222,40.71961,-73.94771,8.8,36934,11.61937224
9.03826087,New York,14610,43.14618,-77.54817,1.8,14233,6.513345431
10.88728814,New York,11516,40.63103,-73.73388,4.4,7556,16.99211482
12.41321586,New York,10035,40.7997,-73.93432,33,33969,11.61937224
13.18952381,New York,10038,40.71436,-73.99518,2.425,20300,11.61937224
9.667256637,New York,14304,43.08218,-79.00106,25.4,30389,9.795531406
8.15047619,New York,13214,43.05235,-76.05921,7.9,8793,5.595431836
9.541880342,New York,12550,41.49916,-74.00885,9.3,54447,5.925562725
11.00167598,New York,11367,40.73614,-73.82153,14.8,41047,11.61937224
12.01339286,New York,10302,40.63307,-74.13719,18.3,19088,11.61937224
10.69230769,New York,10314,40.59664,-74.12525,5.5,85510,11.61937224
5.555555556,New York,13676,44.67811,-74.95151,14.8,16646,4.076458712
7.91375,New York,14801,42.09142,-77.20978,10.2,5475,5.249961859
10.1125,New York,11735,40.74529,-73.41919,2.3,32098,16.99211482
10.95714286,New York,10538,40.93149,-73.76575,2.1,16597,7.880172238
11.99401709,North Carolina,27253,36.089004,-79.407821,0,29827,8.252057127
9.313142857,North Carolina,28801,35.6075,-82.583333,30.2,15019,6.975930135
11.38833333,North Carolina,27244,36.307033,-79.467417,6.5,14173,7.878729002
12.67628032,North Carolina,28601,35.728889,-81.365556,26,50026,8.308309278
11.10733945,North Carolina,27312,35.757222,-79.159722,7.5,18306,8.265835744
12.34853801,North Carolina,28314,35.041416,-78.953112,14.1,54520,9.73449922
13.64833333,North Carolina,27292,35.814444,-80.2625,7.6,39787,9.361373794
10.41651376,North Carolina,28453,34.954823,-77.960781,16,3829,8.55790523
11.38842975,North Carolina,27704,36.032944,-78.905417,31.9,34517,7.95550306
11.45916667,North Carolina,27801,35.93355,-77.75007,21,21740,7.771789787
12.03146417,North Carolina,27101,36.110556,-80.226667,7.575,18901,8.209286643
12.31025641,North Carolina,27103,36.026,-80.342,15,33208,8.126742823
12.42727273,North Carolina,28054,35.253056,-81.153333,11.7,36270,8.402989842
11.55789474,North Carolina,27408,36.109167,-79.801111,5.3,17296,8.162497957
12.51322314,North Carolina,27235,36.06866,-80.00705,5.5,4136,8.209286643
11.69915966,North Carolina,28786,35.50575,-82.97918,0,20714,6.319707255
10.51702128,North Carolina,28789,35.466667,-83.278056,12.4,5097,6.928892354
10.45304348,North Carolina,28504,35.231459,-77.568792,30.4,21642,8.895667993
11.62067039,North Carolina,28752,35.687406,-81.993808,14,30600,6.901897543
11.13613445,North Carolina,27846,35.81066,-76.906249,16,2988,6.828790986
12.3951567,North Carolina,28205,35.2401,-80.785683,20.5,43931,9.822602282
13.07071823,North Carolina,28210,35.151283,-80.866983,11.7,42263,8.402989842
12.21158192,North Carolina,28216,35.3041,-80.88865,13.5,47208,8.402989842
9.864705882,North Carolina,28777,35.915278,-82.073333,8.8,10638,6.901897543
10.99166667,North Carolina,27229,35.2632,-79.836613,26.2,3929,9.608512303
12.14,North Carolina,27517,35.901944,-79.056667,13.6,23346,8.252057127
11.76153846,North Carolina,27858,35.594167,-77.386111,23.3,55781,7.947334155
11.85384615,North Carolina,27834,35.63861,-77.35805,23.3,52914,7.947334155
11.38706897,North Carolina,28358,34.645,-78.99028,22.6,38738,9.793696989
12.87622951,North Carolina,28146,35.551868,-80.395039,8.9,27614,9.542876846
11.1991453,North Carolina,28713,35.434767,-83.442133,10.7,8686,6.331454059
11.18675214,North Carolina,27616,35.856111,-78.574167,9.8,42294,8.6088431
11.39304348,North Carolina,27606,35.7288,-78.6802,12.1,43210,10.09765627
9.153658537,North Carolina,28607,36.221944,-81.663056,11.6,33059,6.417601583
12.62280702,North Carolina,27531,35.369214,-77.993893,16.575,594,8.746541668
4.574137931,North Dakota,58622,46.8943,-103.37853,9.5,1489,2.756028952
6.857692308,North Dakota,58505,46.825425,-100.76821,10.675,2,3.844441257
8.327826087,North Dakota,58102,46.933754,-96.85535,7.9,29850,4.83377825
6.516129032,North Dakota,58523,47.298611,-101.766944,7.1,3619,3.585467911
10.742,Ohio,45711,39.442165,-81.908827,14.4,1115,7.971164931
13.9180791,Ohio,45044,39.4938,-84.3543,0.9,52822,11.32199117
13.78983051,Ohio,45015,39.33839,-84.5666,6.9,12038,9.781109528
12.7965812,Ohio,45503,39.92882,-83.80949,22.4,32999,10.9133522
11.74051724,Ohio,45103,39.0828,-84.1441,8.7,31485,10.49570752
13.22264151,Ohio,44113,41.480891,-81.703803,35.7,19213,10.37248037
10.82982456,Ohio,44110,41.55523,-81.575256,28.4,20136,8.800426056
14.03924051,Ohio,44113,41.477011,-81.682383,35.7,19213,10.37248037
13.63818182,Ohio,44127,41.471782,-81.656792,35.9,5586,10.37248037
13.9277027,Ohio,44115,41.492117,-81.678449,65.9,8307,10.37248037
14.56610169,Ohio,44105,41.446682,-81.662419,35.9,40089,10.37248037
11.92201835,Ohio,44142,41.39629,-81.818667,4.8,19201,10.37248037
12.76956522,Ohio,43211,39.99875,-82.99344,31.3,21600,12.86931892
12.44166667,Ohio,43207,39.92845,-82.98104,24.1,45144,12.86931892
11.0622807,Ohio,43229,40.0877,-82.959773,22.2,46347,10.43844711
11.61176471,Ohio,45387,39.80834,-83.88705,4.2,5169,10.9133522
12.36666667,Ohio,45249,39.2787,-84.36625,2.7,12902,11.32199117
15.16214689,Ohio,45216,39.19433,-84.478974,19.1,9570,11.79123558
12.67850467,Ohio,45219,39.12886,-84.50404,25.3,16526,11.79123558
14.4036036,Ohio,45204,39.10492,-84.55117,33.9,6972,11.79123558
13.27008547,Ohio,45241,39.290319,-84.414356,2.7,23044,11.32199117
13.70267857,Ohio,45212,39.16032,-84.45826,12,22253,11.79123558
14.45478261,Ohio,45217,39.180527,-84.49215,12.5,6566,11.79123558
14.4990566,Ohio,43952,40.36644,-80.61558,7.5,19050,8.516830967
13.89619048,Ohio,26037,40.32207,-80.6063,7.5,6642,7.462966171
11.57625,Ohio,44077,41.72229,-81.24248,9.2,56491,8.369277492
13.24081633,Ohio,41101,38.508075,-82.659241,15.6,18758,9.249667328
11.37267442,Ohio,44054,41.463071,-82.114261,8.6,12591,8.595181109
12.06483516,Ohio,43604,41.644067,-83.54616,61.1,10154,11.18403326
12.12926829,Ohio,43605,41.66579,-83.47611,36.2,28346,11.18403326
12.34504505,Ohio,43614,41.62057,-83.64226,7.5,29290,11.18403326
13.11111111,Ohio,44504,41.111126,-80.645062,0,5262,8.40905102
13.13529412,Ohio,44503,41.095938,-80.658516,0,1021,8.40905102
11.74955752,Ohio,44256,41.10087,-81.911636,5.8,62039,10.11940269
13.3591029,Ohio,45402,39.760659,-84.187678,38.7,11420,10.66813748
12.22586207,Ohio,44266,41.1644,-81.2352,12,33581,11.77450811
12.01176471,Ohio,45320,39.83562,-84.72049,15,15691,11.04516713
12.01950617,Ohio,45662,38.75465,-82.917,22.5,30219,9.070884362
13.41130435,Ohio,44706,40.786878,-81.394186,15.2,18246,9.959725908
12.45074627,Ohio,44702,40.800729,-81.373008,15.2,1053,10.89642243
13.67368421,Ohio,44305,41.063526,-81.468956,13.9,22294,10.89642243
12.96754386,Ohio,44320,41.087956,-81.541611,27.8,19937,10.89642243
13.21747573,Ohio,44484,41.214577,-80.787053,11.1,22991,8.664768575
11.97372881,Ohio,45036,39.42689,-84.20077,6,37504,11.32199117
9.680373832,Oklahoma,73042,35.111944,-98.252778,22.3,1073,6.637223525
11.61452991,Oklahoma,74361,36.304624,-95.310616,11.4,16293,8.416604908
11.55565217,Oklahoma,74401,35.755273,-95.377669,23.7,17476,8.118359672
10.30582011,Oklahoma,73106,35.47292,-97.52709,22,13581,9.255464915
10.74621849,Oklahoma,73013,35.614131,-97.475083,4.9,43933,9.255464915
9.997413793,Oklahoma,74360,36.922222,-94.838889,0,31,7.169498509
11.0328125,Oklahoma,74554,34.90227,-95.784375,11.2,1744,7.949246201
11.08494624,Oklahoma,74962,35.581174,-94.830059,8.6,5092,7.784838882
11.74416667,Oklahoma,74114,36.14004,-95.925382,16.5,15778,10.60764148
11.43623596,Oklahoma,74106,36.204902,-95.976537,37.2,17648,10.60764148
5.221276596,Oregon,97701,44.063916,-121.312554,4.9,58993,3.63298983
11.71666667,Oregon,97738,43.586389,-119.051111,26.1,1941,1.776024385
11.05879397,Oregon,97501,42.31411,-122.87923,14.4,42117,3.294532879
6.915517241,Oregon,97503,42.536111,-122.875,7.6,10528,3.294532879
10.1862069,Oregon,97526,42.434139,-123.348466,10.4,34205,3.255775812
13.29837398,Oregon,97603,42.190296,-121.731369,11.2,29525,2.194525414
11.67868852,Oregon,97630,42.189215,-120.353969,9.9,5096,3.427498617
8.422033898,Oregon,97404,44.066304,-123.139831,7.7,32255,4.409400515
7.795225464,Oregon,97403,44.026312,-123.083737,5.3,11622,4.409400515
7.311290323,Oregon,97477,44.046696,-123.017704,17.4,36874,4.409400515
13.12087912,Oregon,97463,43.744352,-122.480487,16.4,3877,2.95394266
8.261666667,Oregon,97424,43.799501,-123.053487,11.6,17594,3.621289683
8.355084746,Oregon,97206,45.496641,-122.602877,12.2,47596,5.704889466
7.737190083,Oregon,97217,45.56137,-122.6679,13.5,31438,5.704889466
8.283193277,Oregon,97801,45.652231,-118.823033,6.8,21521,2.716045809
6.715254237,Oregon,97850,45.339,-118.095206,11.6,16955,2.314551552
9.746153846,Oregon,97124,45.528501,-122.972398,6,48349,4.28886777
11.42735294,Pennsylvania,17353,39.92002,-77.30968,7.8,3228,8.188808273
12.98131068,Pennsylvania,15224,40.46542,-79.960757,15.3,10141,10.51794331
17.13510896,Pennsylvania,15133,40.323768,-79.868062,2.4,6432,10.51794331
10.80925926,Pennsylvania,15064,40.375644,-80.169943,0,382,9.56995817
13.51869159,Pennsylvania,15065,40.617488,-79.727664,8.8,11588,8.42033317
14.22546584,Pennsylvania,15104,40.402328,-79.860973,31.6,9038,10.51794331
13.3637931,Pennsylvania,15025,40.294341,-79.885331,16,15944,10.51794331
13.93024691,Pennsylvania,15010,40.747796,-80.316442,8.2,28425,8.610229482
12.41293103,Pennsylvania,19605,40.38335,-75.9686,7.8,18985,8.714115639
12.53398058,Pennsylvania,19007,40.107222,-74.882222,5.5,21125,9.168158022
13.89672131,Pennsylvania,15902,40.309722,-78.915,31.2,12513,7.956592893
10.82144847,Pennsylvania,16803,40.811389,-77.877028,10.625,23685,6.260422409
13.54607843,Pennsylvania,19374,39.834461,-75.768242,0,1252,10.00607413
13.02422535,Pennsylvania,17013,40.246528,-77.18675,5.5,34575,7.605065054
13.20489914,Pennsylvania,17104,40.246992,-76.846988,35,20962,8.813175581
13.87051282,Pennsylvania,19013,39.835556,-75.3725,27.9,35130,10.09234488
10.72463343,Pennsylvania,16511,42.14175,-80.038611,32.1,11382,6.858107574
10.0773639,Pennsylvania,18519,41.442778,-75.623056,5.8,5104,6.267811383
14.04473684,Pennsylvania,17601,40.046667,-76.283333,3.2,49779,10.39615134
11.54131737,Pennsylvania,16121,41.215014,-80.484779,22.1,4941,8.40905102
11.76146789,Pennsylvania,19401,40.112222,-75.309167,3.1,41753,12.11620281
12.26777778,Pennsylvania,18020,40.628056,-75.341111,2.4,20447,7.818637166
12.91397059,Pennsylvania,19124,40.008889,-75.09778,28.6,66691,12.11620281
11.96938202,Pennsylvania,19114,40.0764,-75.011549,5.4,30907,9.168158022
13.34651494,Pennsylvania,19147,39.944651,-75.165206,16.36666667,36228,12.11620281
13.4021148,Pennsylvania,19145,39.922867,-75.186921,26.2,47261,12.11620281
13.09407514,Pennsylvania,19123,39.960061,-75.142224,12.2,13416,12.11620281
13.08154762,Pennsylvania,15022,40.146667,-79.902222,12.8,10340,9.354116849
12.38090909,Pennsylvania,15301,40.170556,-80.261389,8.9,49331,8.132669478
11.020625,Pennsylvania,15021,40.445278,-80.420833,7.9,7352,9.56995817
12.59824561,Pennsylvania,15601,40.304694,-79.505667,5.6,59483,8.345178596
13.40236686,Pennsylvania,17403,39.965278,-76.699444,38.1,39042,10.06611571
6.60869029,Rhode Island,2817,41.615237,-71.72,5.3,6135,6.356762463
9.242783505,Rhode Island,2905,41.807776,-71.415105,23.3,25223,7.373641272
10.67863248,Rhode Island,2860,41.874668,-71.379971,22.4,45199,7.373641272
9.797115385,Rhode Island,2905,41.809235,-71.40743,23.3,25223,7.373641272
9.027192982,Rhode Island,2916,41.841573,-71.36077,2.9,8139,7.373641272
10.04803922,South Carolina,29423,32.980254,-80.06501,23.025,956,8.528381192
9.490697674,South Carolina,29409,32.790984,-79.958694,0,2100,8.528381192
11.05090909,South Carolina,29718,34.615367,-80.198787,4.9,3856,9.287080054
12.16306306,South Carolina,29847,33.739963,-81.853635,14.8,5480,9.171640849
11.41090909,South Carolina,29501,34.167636,-79.850404,11.3,43220,9.566813186
12.56393939,South Carolina,29605,34.838814,-82.402918,23.6,34414,8.054434495
12.2405868,South Carolina,29615,34.899141,-82.31307,6,35151,8.054434495
12.98198198,South Carolina,29601,34.843895,-82.414585,23.6,10550,8.054434495
11.92457338,South Carolina,29210,34.051017,-81.15495,17.2,40356,8.89611286
9.095535714,South Carolina,29664,34.805261,-83.2377,17,1808,6.649916178
12.38319328,South Carolina,29147,34.093959,-80.962304,3.975,0,10.20997862
12.16787879,South Carolina,29225,33.991509,-81.024141,5.45,1228,10.20997862
11.848333330000001,South Carolina,29229,34.131262,-80.868318,4.7,44229,8.124356576
11.9744186,South Carolina,29301,34.926839,-82.005211,14.9,31051,8.51206807
7.963461538,South Dakota,57006,44.310283,-96.80071,7.2,24530,4.574941827
7.666393443,South Dakota,57401,45.4625,-98.486111,5,30061,4.106118933
9.586486486,South Dakota,57201,44.89965,-97.128802,8.6,24983,4.434214955
4.902631579,South Dakota,57730,43.55764,-103.48386,0,5315,2.978003702
5.252941176,South Dakota,57750,43.74561,-101.941218,40,295,2.796456498
9.432231405,South Dakota,57103,43.544289,-96.726435,0,34480,5.421387657
8.904504505,South Dakota,57103,43.54792,-96.700769,9,34480,5.421387657
7.740495868,South Dakota,57702,44.087397,-103.273777,14.9,32980,3.111781482
6.71512605,South Dakota,57701,44.078352,-103.22824,14.9,43462,3.111781482
12.2559322,Tennessee,37412,34.99438,-85.24293,8.9,20951,9.459333349
11.33606557,Tennessee,37379,35.233476,-85.181581,7.5,26835,8.111289104
12.57890295,Tennessee,37403,35.050918,-85.293019,19.8,5811,8.111289104
9.94516129,Texas,78240,29.51509,-98.620166,9.3,51111,8.718158728
8.712068966,Texas,78112,29.275381,-98.311692,16.5,7941,9.281407753
11.16721311,Texas,75501,33.425758,-94.070802,20.3,36298,8.901955332
5.684375,Texas,79834,29.30265,-103.17781,0,200,4.682187064
13.296875,Texas,78521,26.069615,-97.1622,28.7,93818,5.325921032
11.4877193,Texas,75201,32.774262,-96.797686,5.475,9409,12.5124753
10.80591017,Texas,75247,32.820061,-96.860117,25.6,468,12.66238418
9.472916667,Texas,75237,32.676451,-96.87206,27.7,17101,12.5124753
9.272131148,Texas,79761,31.836575,-102.342037,16.6,30488,8.426707125
12.8671875,Texas,76065,32.482083,-97.026899,3.8,28986,11.59097043
9.540677966,Texas,79902,31.768291,-106.50126,26,21236,7.315802987
11.85901639,Texas,79905,31.765685,-106.455227,59.9,26036,7.315802987
16.15178571,Texas,79902,31.758532,-106.501045,59.9,21236,7.315802987
11.77627119,Texas,77039,29.901036,-95.326137,23,27562,12.97970643
10.77894737,Texas,77520,29.770698,-95.031232,20.1,36489,13.93993867
14.24758065,Texas,77029,29.733726,-95.257593,17.9,17814,14.01842704
10.1852459,Texas,75661,32.668987,-94.167457,16.1,2807,8.572363019
11.44461538,Texas,78501,26.22621,-98.291069,30.3,61219,8.662227571
12.02857143,Texas,77619,29.922894,-93.909018,10.2,16147,11.28502465
10.98426966,Texas,78408,27.804505,-97.431582,26.4,12061,9.319250799
8.944642857,Texas,78407,27.811817,-97.465703,37.7,2955,9.319250799
10.95853659,Texas,77630,30.085263,-93.761341,7.9,26796,11.28502465
6.33442623,Texas,79106,35.201592,-101.909275,16.5,27967,6.067030509
10.30529801,Texas,76106,32.805818,-97.356568,30.2,35389,8.854078324
11.17580645,Texas,76102,32.759143,-97.342334,43.1,8111,9.254838736
8.873333333,Texas,78613,30.483168,-97.872301,4.3,65099,8.639606423
10.45172414,Texas,78702,30.263208,-97.712883,27.2,21334,8.639606423
8.2041322310000009,Utah,84302,41.492707,-112.018863,3,23703,3.533592756
9.704314721,Utah,84321,41.731111,-111.8375,14,44074,3.533592756
10.23613445,Utah,84014,40.902967,-111.884467,1.7,15268,4.3312671
10.57205479,Utah,84117,40.646667,-111.849722,7.2,24305,4.766253167
8.046666667,Utah,84044,40.708611,-112.094722,10.1,26524,4.680963592
10.31049724,Utah,84105,40.736389,-111.872222,6.3,22140,4.3312671
10.9784264,Utah,84116,40.78422,-111.931,16.8,33297,3.275534331
6.513513514,Utah,84074,40.543309,-112.299618,6.7,44310,3.473732886
9.732047478,Utah,84604,40.253611,-111.663056,14.6,49145,4.383626892
9.967073171,Utah,84042,40.341389,-111.713611,8.2,10094,4.383626892
7.896638655,Utah,84003,40.430278,-111.803889,4.7,42384,4.766253167
8.225409836,Utah,84663,40.136336,-111.660502,4.7,29975,4.383626892
9.860335196,Utah,84405,41.206321,-111.975524,6.2,31348,4.16504901
8.654310345,Utah,84414,41.303614,-111.987871,3.3,26507,4.16504901
7.33,Vermont,5257,42.88759,-73.24984,0,2718,5.143594549
5.607758621,Vermont,5489,44.52839,-72.86884,2.9,3174,5.117598709
7.759574468,Vermont,5401,44.480278,-73.214444,15.5,28185,5.117598709
10.56017699,Vermont,5701,43.608056,-72.982778,3.8,20802,4.454097276
10.38888889,Virginia,22901,38.07657,-78.50397,0,32532,8.327331492
12.02796209,Virginia,22202,38.8577,-77.05922,1.8,22543,10.37936426
10.51833333,Virginia,23836,37.34438,-77.25925,10.6,11444,9.46184914
11.30163934,Virginia,23234,37.43467,-77.45118,12.7,42989,8.145455401
11.13314121,Virginia,22310,38.77335,-77.10468,7.9,29609,10.98276685
11.22916667,Virginia,22041,38.83738,-77.16338,12.8,27989,10.37936426
11.77844828,Virginia,22101,38.9326,-77.19822,3.2,29887,10.37936426
12.06333333,Virginia,22624,39.28102,-78.08157,2.7,2565,8.590233047
10.76,Virginia,23223,37.55652,-77.40027,23.2,47677,7.583241014
10.45847458,Virginia,23060,37.67132,-77.5664,3.2,33417,7.583241014
11.53135593,Virginia,20147,39.02473,-77.48925,1.7,54086,9.187620127
10.47118644,Virginia,22835,38.66373,-78.50442,4.8,11634,8.366547155
11.4981982,Virginia,22802,38.47753,-78.81952,11.3,26293,6.754194038
10.58916667,Virginia,24201,36.608,-82.1641,22.6,17116,7.32580436
11.5957265,Virginia,23661,37.000983,-76.398633,8.2,14113,8.068591502
10.16722689,Virginia,24502,37.332706,-79.215011,11.6,43426,6.879194805
13.66464088,Virginia,23510,36.85555,-76.30135,4.125,7031,8.935473088
12.19256198,Virginia,24015,37.256111,-79.985,6.4,15255,6.401194778
11.70142045,Virginia,24012,37.297167,-79.955733,34.8,29015,6.214850328
11.92449568,Virginia,23462,36.841883,-76.181233,6.6,61973,8.935473088
8.394158076,Washington,98662,45.648333,-122.586944,8.7,31644,5.704889466
8.807586207,Washington,98134,47.55975,-122.338265,0,644,4.946870201
6.626190476,Washington,98144,47.568236,-122.308628,12.8,26881,4.946870201
9.833057851,Washington,98408,47.1864,-122.4517,13.4,18830,4.694814499
7.347887324,Washington,98223,48.2469,-121.6031,4,40815,4.461834897
8.401497006,Washington,98270,48.054315,-122.171529,8.6,45899,5.965476537
9.108450704,Washington,99202,47.660743,-117.358121,25.9,21580,5.28488676
9.816129032,Washington,98902,46.598056,-120.499167,16.3,46322,2.772883112
14.15826087,West Virginia,25401,39.448006,-77.964125,18.9,14622,8.657931674
14.77264957,West Virginia,26037,40.341023,-80.596635,7.5,6642,7.462966171
14.19733333,West Virginia,26062,40.394583,-80.612017,20,21801,8.516830967
14.27426471,West Virginia,25703,38.424133,-82.4259,40.9,6751,9.265695142
13.37310924,West Virginia,26062,40.421539,-80.580717,10.9,21801,8.516830967
12.58067227,West Virginia,26301,39.278117,-80.34225,18.2,30435,6.351205092
12.90683761,West Virginia,25301,38.3456,-81.628317,22.7,2771,8.59669785
14.2017094,West Virginia,25303,38.366183,-81.693717,7.2,7112,8.59669785
13.71637931,West Virginia,26559,39.481483,-80.134667,11.3,1269,6.514601943
13.09196676,West Virginia,26041,39.915961,-80.733858,11.1,16183,7.45861192
12.60598291,West Virginia,26505,39.649367,-79.920867,14.6,38772,7.061345081
12.83719008,West Virginia,26003,40.114876,-80.700972,8,43002,7.462966171
10.74513274,West Virginia,25801,37.807767,-81.197433,24,33590,7.630051744
13.85663717,West Virginia,26105,39.323533,-81.552367,5.2,12333,9.49635191
6.38220339,Wisconsin,54861,46.602,-90.656,57.7,150,3.420062617
11.75188172,Wisconsin,54302,44.50729,-87.99344,18.4,30611,6.938969967
12.39633028,Wisconsin,53705,43.0733,-89.4358,5.675,23494,8.001186465
10.59915254,Wisconsin,53035,43.435,-88.527778,4.1,2406,8.141201831
6.956779661,Wisconsin,54520,45.563,-88.8088,18.9,4141,3.411246655
12.72672414,Wisconsin,53820,42.693,-90.698,5.7,2532,7.107276292
11.81803279,Wisconsin,60096,42.504722,-87.8093,2.5,6897,9.968853842
11.83553719,Wisconsin,54601,43.7775,-91.2269,12,49282,7.227093709
10.47241379,Wisconsin,54241,44.138619,-87.6161,5.1,14884,7.465391189
12.78278689,Wisconsin,53204,43.016667,-87.933333,39.3,42355,8.759594224
12.69403974,Wisconsin,53212,43.060975,-87.913504,34.6,30416,8.759594224
12.69495798,Wisconsin,53204,43.02641,-87.91111,0,42355,8.759594224
13.31833333,Wisconsin,53221,42.955,-87.934167,10.8,37701,8.759594224
13.05833333,Wisconsin,53203,43.039871,-87.920794,0,938,8.759594224
11.35948276,Wisconsin,54913,44.30738,-88.395178,1.3,17629,7.307604388
11.2725,Wisconsin,53004,43.49806,-87.81,2.8,3330,7.576284601
10.75867769,Wisconsin,54025,45.124437,-92.662696,9.2,6864,7.708044767
10.45592105,Wisconsin,53913,43.4351,-89.6797,6.3,19881,7.007509134
10.16280992,Wisconsin,54451,45.2066,-90.5972,7.9,11755,4.798557263
6.766037736,Wisconsin,54512,46.052,-89.653,10.3,833,3.076156675
13.5464,Wisconsin,53186,43.020075,-88.21507,8.2,33592,8.759594224
5.254676259,Wyoming,82718,43.6483,-105.2133,3.4,23003,6.534819421
5.845299145,Wyoming,82718,44.097074,-105.343164,0,23003,3.189812369
5.031884058,Wyoming,82716,44.465968,-105.551745,5.9,18747,3.192580554
3.496330275,Wyoming,82633,43.426621,-105.386453,3.4,9592,3.079594714
7.870588235,Wyoming,82510,42.841049,-108.736277,5.1,423,2.55588314
4.5,Wyoming,82001,41.139976,-104.817801,5.1,35484,3.494107645
7.052307692,Wyoming,82414,44.532426,-109.072975,0,15011,1.817099423
7.823497268,Wyoming,82801,44.815142,-106.955933,5.3,24558,2.17770706
5.321666667,Wyoming,82801,44.805494,-106.976243,5.3,24558,2.17770706
6.173493976,Wyoming,82941,42.870531,-109.860957,1.6,5028,2.377327542
6.714285714,Wyoming,82901,41.591613,-109.220722,34.9,27971,3.892566749
5.149152542,Wyoming,83001,43.47808,-110.76118,0,15851,2.447283347
